name,description
Denkmal Zukunft GmbH & Co. KG,"Denkmal Zukunft GmbH & Co. KG is a German management consulting firm based in Kassel, specializing in business process optimization and organizational development. The company’s core mission is to enhance operational efficiency, profitability, and employee motivation for its clients.

**Core Business and Offerings:** Denkmal Zukunft provides a comprehensive suite of services focused on practical, sustainable improvements. Key offerings include production and process optimization, change management, leadership and team development, and organizational strategy. A key differentiator is its hands-on, implementation-focused approach, which contrasts with traditional theoretical consulting. The firm actively participates in executing changes, leveraging over 20 years of practical experience from the shop floor to executive management. It also utilizes innovative methods like LEGO® SERIOUS PLAY® workshops for creative problem-solving and offers guidance on securing project funding. Initial engagement often begins with a 3-to-5-day potential analysis to deliver immediate, actionable insights.

**Target Industry:** The firm primarily serves the **Manufacturing sector**, with a strong focus on production-based companies. This is complemented by a secondary focus on **Service Provider** industries. Its expertise lies in optimizing complex operational workflows and organizational structures within these B2B environments.

**Customer Base:** Denkmal Zukunft targets business-to-business (B2B) clients, encompassing both manufacturing companies and service providers. Its proven track record with major corporations such as Pfizer Pharma GmbH and Stadler Deutschland demonstrates its capability to serve **large, established enterprises**, providing tailored solutions that address complex organizational challenges and drive tangible results."
CareMates / Kuidado,"CareMates (also known as Kuidado) is a German HealthTech startup specializing in innovative software solutions for the healthcare IT sector. The company provides a Software-as-a-Service (SaaS) platform specifically designed to digitize and streamline the patient admission process for its primary B2B customer base: nursing homes and care facilities.

The core of CareMates' offering is the automation of administrative tasks to significantly reduce the bureaucratic burden on nursing staff. Its main services include online digital registration forms, which allow structured inquiries to be submitted at any time, and an AI-supported nursing anamnesis feature. This AI component automatically generates comprehensive nursing histories and risk assessments from the admission data, ensuring compliance with German MD standards. The platform is highly customizable, allowing facilities to tailor forms and workflows to their specific needs.

Key features also include tools for asynchronous collaboration, enabling different departments like administration and quality management to jointly manage inquiries, and automated notifications to keep patients' families or legal guardians informed. A critical selling point is the platform's seamless data integration with existing primary healthcare IT systems such as Connext Vivendi, Euregon Snap, and CGM TopSoz. By optimizing the entire admission workflow, CareMates delivers a strong value proposition of significant time savings—claiming a reduction of up to 80%, or four hours, per patient admission—allowing caregivers to focus more on patient care."
Cloud Ahoi,"Cloud Ahoi is a German-based consulting firm specializing in information security management and cybersecurity services. The company operates on a project-based model, delivering tailored solutions to enhance organizational security posture and ensure compliance with evolving standards. Core offerings include the setup and implementation of Information Security Management Systems (ISMS), strategic consulting for IT security architecture, and providing interim Chief Information Security Officer (CISO) services.

A key focus for Cloud Ahoi is guiding clients through critical certification processes. The firm offers comprehensive support for achieving ISO 27001 certification, an international standard for information security. Additionally, it provides specialized assistance for TISAX (Trusted Information Security Assessment Exchange) certification, demonstrating a distinct expertise in serving the stringent security requirements of the automotive industry.

Cloud Ahoi's primary customer base consists of small and medium-sized enterprises (SMEs) and public sector entities within Germany. By offering services like employee security training and consulting on compliance frameworks such as NIS2, the company positions itself as a holistic partner, integrating information security as an integral component of business management to ensure long-term resilience and future-readiness."
